{
  "main": {
    "id": "85121a5622dd3e2e",
    "type": "split",
    "children": [
      {
        "id": "3f849d2a0ad7f882",
        "type": "tabs",
        "children": [
          {
            "id": "760f1021f2123393",
            "type": "leaf",
            "state": {
              "type": "markdown",
              "state": {
                "file": "Билеты.md",
                "mode": "source",
                "source": false
              }
            }
          },
          {
            "id": "5076fe50de536037",
            "type": "leaf",
            "state": {
              "type": "markdown",
              "state": {
                "file": "Билет 16 - Магнитное взаимодействие, Магнитное поле, Поле прямого тока, витка и катушки с током.md",
                "mode": "source",
                "source": false
              }
            }
          }
        ],
        "currentTab": 1
      }
    ],
    "direction": "vertical"
  },
  "left": {
    "id": "3e03f3c468e72f24",
    "type": "split",
    "children": [
      {
        "id": "05a536d0e7875230",
        "type": "tabs",
        "children": [
          {
            "id": "6a69af9b29aa048d",
            "type": "leaf",
            "state": {
              "type": "file-explorer",
              "state": {
                "sortOrder": "alphabetical"
              }
            }
          },
          {
            "id": "19ab55dbb9c46f64",
            "type": "leaf",
            "state": {
              "type": "search",
              "state": {
                "query": "",
                "matchingCase": false,
                "explainSearch": false,
                "collapseAll": false,
                "extraContext": false,
                "sortOrder": "alphabetical"
              }
            }
          },
          {
            "id": "72e74c00ae0716d3",
            "type": "leaf",
            "state": {
              "type": "bookmarks",
              "state": {}
            }
          }
        ]
      }
    ],
    "direction": "horizontal",
    "width": 300
  },
  "right": {
    "id": "ec63dac6ea423935",
    "type": "split",
    "children": [
      {
        "id": "522cb1f0687bb54f",
        "type": "tabs",
        "children": [
          {
            "id": "4a62bcd82bcfa1a0",
            "type": "leaf",
            "state": {
              "type": "backlink",
              "state": {
                "file": "Билет 16 - Магнитное взаимодействие, Магнитное поле, Поле прямого тока, витка и катушки с током.md",
                "collapseAll": false,
                "extraContext": false,
                "sortOrder": "alphabetical",
                "showSearch": false,
                "searchQuery": "",
                "backlinkCollapsed": false,
                "unlinkedCollapsed": true
              }
            }
          },
          {
            "id": "8d3f6f9d63f8d8bd",
            "type": "leaf",
            "state": {
              "type": "outgoing-link",
              "state": {
                "file": "Билет 16 - Магнитное взаимодействие, Магнитное поле, Поле прямого тока, витка и катушки с током.md",
                "linksCollapsed": false,
                "unlinkedCollapsed": true
              }
            }
          },
          {
            "id": "54430aad90800955",
            "type": "leaf",
            "state": {
              "type": "tag",
              "state": {
                "sortOrder": "frequency",
                "useHierarchy": true
              }
            }
          },
          {
            "id": "0308eb6426396e1b",
            "type": "leaf",
            "state": {
              "type": "outline",
              "state": {
                "file": "Билет 16 - Магнитное взаимодействие, Магнитное поле, Поле прямого тока, витка и катушки с током.md"
              }
            }
          }
        ],
        "currentTab": 3
      }
    ],
    "direction": "horizontal",
    "width": 200,
    "collapsed": true
  },
  "left-ribbon": {
    "hiddenItems": {
      "switcher:Меню быстрого перехода": false,
      "graph:Граф": false,
      "canvas:Создать новый холст": false,
      "daily-notes:Сегодняшняя заметка": false,
      "templates:Вставить шаблон": false,
      "command-palette:Открыть палитру команд": false
    }
  },
  "active": "5076fe50de536037",
  "lastOpenFiles": [
    "Билеты.md",
    "Билет 16 - Магнитное взаимодействие, Магнитное поле, Поле прямого тока, витка и катушки с током.md",
    "Билет 15 - Работа и мощность электрического тока, Нагревание проводников при прохождении электрического тока, Закон Джоуля-Ленца.md",
    "Билет 13 -  Закон Ома для участка электрической цепи, Графическая трактовка.md",
    "Вопросы.md",
    "Билет 9 - Делимость электрического заряда, Электрон, Строение атома, Модели атомов водорода и гелия..md",
    "Билет 11 - Электрический ток в металлах и электролитах, Сила тока, Напряжение, Измерение силы тока и напряжения.md",
    "media/Pasted image 20240526230647.jpg",
    "media/Pasted image 20240526230515.jpg",
    "Билет 8 - Электризация тел, Два рода зарядов, Закон сохранения заряда, Взаимодействие заряженных тел, Объяснение электризации тел.md",
    "media/Pasted image 20240526205330.png",
    "media",
    "media/Pasted image 20240526204356.png",
    "media/Pasted image 20240526200147.png",
    "media/Pasted image 20240526203715.png",
    "media/Pasted image 20240526204016.png",
    "media/Pasted image 20240526204901.png",
    "media/Pasted image 20240526204858.png",
    "media/Pasted image 20240526204849.png",
    "Билет 4 - Количество теплоты, Удельная теплоемкость вещества, Единицы измерения, механический эквивалент теплоты.md",
    "Билет 6 - Испарение и конденсация, Причины, от которых зависит скорость испарения жидкости, Кипение, Температура кипения.md",
    "Билет 7 - Физические основы работы тепловых машин, Двигатель внутреннего сгорания, Паровая турбина, Их применение.md",
    "Билет 5 - Плавление и отвердевание кристаллических тел, Удельная теплота плавления, Объяснение процесса плавления и отвердевания.md",
    "Печать.md",
    "Билет 1 - МКТ, Агрегатные состояния.md",
    "Билет 2 - Тепловое движение, Внутренняя энергия и способы ее изменения, Объяснение внутренней энергии.md",
    "Билет 3 - Виды теплопередачи, Примеры теплопередачи.md"
  ]
}